{"cameraMode":{"drawMode":0,"name":"Shaded","section":"Shading Mode"},"sceneLighting":true,"audioPlay":false,"sceneViewState":{"showFog":true,"showMaterialUpdate":false,"showSkybox":true,"showFlares":true,"showImageEffects":true,"showParticleSystems":true},"in2DMode":false,"pivot":{"x":-7.631110191345215,"y":-0.16916275024414063,"z":11.009235382080079},"rotation":{"x":-0.7106932401657105,"y":-0.14283064007759095,"z":0.15103527903556825,"w":-0.6720876693725586},"size":20.953014373779298,"orthographic":false}