{"cameraMode":{"drawMode":0,"name":"Shaded","section":"Shading Mode"},"sceneLighting":false,"audioPlay":false,"sceneViewState":{"showFog":true,"showMaterialUpdate":false,"showSkybox":true,"showFlares":true,"showImageEffects":true,"showParticleSystems":true},"in2DMode":false,"pivot":{"x":-2.509999990463257,"y":0.0,"z":0.007791191339492798},"rotation":{"x":-0.19607166945934297,"y":0.6884216070175171,"z":-0.2019221931695938,"w":-0.6684752106666565},"size":5.176196098327637,"orthographic":false}