{"cameraMode":{"drawMode":0,"name":"Shaded","section":"Shading Mode"},"sceneLighting":false,"audioPlay":false,"sceneViewState":{"showFog":true,"showMaterialUpdate":false,"showSkybox":true,"showFlares":true,"showImageEffects":true,"showParticleSystems":true},"in2DMode":false,"pivot":{"x":-7.2345967292785648,"y":1.2689404487609864,"z":23.14065933227539},"rotation":{"x":-0.1369381844997406,"y":0.8176892995834351,"z":-0.21735619008541108,"w":-0.5151587128639221},"size":0.33794981241226199,"orthographic":false}